itoka,https://jack-app.slack.com/team/UA91V5PB2/
LEO,https://jack-app.slack.com/team/UJ22RQY4X/
nine,https://jack-app.slack.com/team/UA9H0PB41/
shoi,https://jack-app.slack.com/team/U7H6X9ETW/
あべべ,https://jack-app.slack.com/team/UA6MLGC3V/
くまちゃん,https://jack-app.slack.com/team/UA9SE3VPF/
シュガー,https://jack-app.slack.com/team/UADECRLSE/
スプーン,https://jack-app.slack.com/team/U7H96FM8D/
だいず,https://jack-app.slack.com/team/U8VPQ99HD/
なかいちゃん,https://jack-app.slack.com/team/UAVQQ5552/
なす,https://jack-app.slack.com/team/U7H54ED8S/
やっきぃ,https://jack-app.slack.com/team/UA91K295E/
ワトソン,https://jack-app.slack.com/team/UA9N2L8Q2/
homu,https://jack-app.slack.com/team/UHNRKB3MG/
raiki,https://jack-app.slack.com/team/UDPU63093/
みん,https://jack-app.slack.com/team/UHNPF411R/
shiro,https://jack-app.slack.com/team/U7LN3LP6W/
エア,https://jack-app.slack.com/team/UA9F5JJDA/
くろねこ,https://jack-app.slack.com/team/UA9JYPG7M/
こたお,https://jack-app.slack.com/team/UJ22SE763/
スギちゃん,https://jack-app.slack.com/team/UA92T5J4Q/
ちょん,https://jack-app.slack.com/team/U7H6QNB36/
ドラドラ,https://jack-app.slack.com/team/UJ2CJ7V7Y/
ピーマン,https://jack-app.slack.com/team/UHTUEUNSD/
ふぐ,https://jack-app.slack.com/team/UHNRPPZNE/
フジ,https://jack-app.slack.com/team/UJ22Y00T1/
みちろー,https://jack-app.slack.com/team/U8HU2UV5J/
もやし,https://jack-app.slack.com/team/UJ2CNQKNJ/
ヤナギ,https://jack-app.slack.com/team/UHZLVC2AG/
中トロ,https://jack-app.slack.com/team/UJ2CMK2LW/
Shell,https://jack-app.slack.com/team/UD70C85PU/
